names,importances,experiment_id,CO_MES,var_target
"('06~mes', 'corretor_spot')",0.03233388702748771,df267ca9-afff-464b-8474-bd65c4cf7461,03~mes,kt
"('11~mes', '38~prdt', '081~geo2', '999~geo3', 'kt')",0.030381799058664578,df267ca9-afff-464b-8474-bd65c4cf7461,03~mes,kt
"('02~mes', '31~prdt', '032~geo2', '999~geo3', 'kt')",0.02545649840140582,df267ca9-afff-464b-8474-bd65c4cf7461,03~mes,kt
"('06~mes', '47~prdt', '032~geo2', '999~geo3', 'preço_rel')",0.023536242392846286,df267ca9-afff-464b-8474-bd65c4cf7461,03~mes,kt
"('10~mes', '38~prdt', '081~geo2', '999~geo3', 'kt')",0.018671240436561404,df267ca9-afff-464b-8474-bd65c4cf7461,03~mes,kt
ANO,0.0,df267ca9-afff-464b-8474-bd65c4cf7461,03~mes,oc
ANO,0.0,e40d838a-a28b-41be-96d0-5db9c2b89968,09~mes,kt
ANO,0.0,e40d838a-a28b-41be-96d0-5db9c2b89968,09~mes,oc
