ANO,CO_MES,CO_PRDT,CO_GEO2,CO_GEO3,kt_true,kt_test,kt_test_lr,experiment_id,oc_true,oc_test,oc_proba
39,03,12,091,999,1220.8531494140625,1493.0396823034907,1450.4026529947914,e40d838a-a28b-41be-96d0-5db9c2b89968,1.0,1.0,1.0
39,09,12,091,999,1073.994384765625,645.514059418388,1462.41632792155,e40d838a-a28b-41be-96d0-5db9c2b89968,1.0,1.0,1.0
40,03,12,091,999,1932.6146240234375,1449.5454279651278,1371.0070760091144,e40d838a-a28b-41be-96d0-5db9c2b89968,1.0,1.0,1.0
40,09,12,091,999,942.1622314453125,651.3898643048603,1392.3261494954431,e40d838a-a28b-41be-96d0-5db9c2b89968,1.0,1.0,1.0
41,03,12,091,999,,1391.337290881142,1440.6279622395834,e40d838a-a28b-41be-96d0-5db9c2b89968,,1.0,1.0
41,09,12,091,999,,678.5777836181641,1307.0193389892577,e40d838a-a28b-41be-96d0-5db9c2b89968,,1.0,1.0
