ANO,CO_MES,CO_PRDT,CO_GEO2,CO_GEO3,kt_true,kt_test,kt_test_lr,experiment_id,oc_true,oc_test,oc_proba
39,03,12,091,999,1220.8531494140625,1405.8687220215015,1450.4026529947914,f05bb8b3-e04e-48de-8c47-46682c642b8c,1.0,1.0,1.0
39,09,12,091,999,1073.994384765625,639.1315802101468,1462.41632792155,f05bb8b3-e04e-48de-8c47-46682c642b8c,1.0,1.0,1.0
40,03,12,091,999,1932.6146240234375,1166.2271730729362,1371.0070760091144,f05bb8b3-e04e-48de-8c47-46682c642b8c,1.0,1.0,1.0
40,09,12,091,999,942.1622314453125,666.4689875348407,1392.3261494954431,f05bb8b3-e04e-48de-8c47-46682c642b8c,1.0,1.0,1.0
41,03,12,091,999,,1290.1055608101503,1440.6279622395834,f05bb8b3-e04e-48de-8c47-46682c642b8c,,1.0,1.0
41,09,12,091,999,,689.3594476715089,1307.0193389892577,f05bb8b3-e04e-48de-8c47-46682c642b8c,,1.0,1.0
