ANO,CO_MES,CO_PRDT,CO_GEO2,CO_GEO3,kt_true,kt_test,kt_test_lr,experiment_id,oc_true,oc_test,oc_proba
39,03,12,091,999,1220.8531494140625,1458.0835072505881,1450.4026529947914,73989baa-226d-4196-b782-f0c44a8fb128,1.0,1.0,1.0
39,09,12,091,999,1073.994384765625,642.4280840566884,1462.41632792155,73989baa-226d-4196-b782-f0c44a8fb128,1.0,1.0,1.0
40,03,12,091,999,1932.6146240234375,1557.0733448776973,1371.0070760091144,73989baa-226d-4196-b782-f0c44a8fb128,1.0,1.0,1.0
40,09,12,091,999,942.1622314453125,648.2248725159963,1392.3261494954431,73989baa-226d-4196-b782-f0c44a8fb128,1.0,1.0,1.0
41,03,12,091,999,,1459.5012746441553,1440.6279622395834,73989baa-226d-4196-b782-f0c44a8fb128,,1.0,1.0
41,09,12,091,999,,674.7847434356689,1307.0193389892577,73989baa-226d-4196-b782-f0c44a8fb128,,1.0,1.0
