ANO,CO_MES,CO_PRDT,CO_GEO2,CO_GEO3,kt_true,kt_test,kt_test_lr,experiment_id,oc_true,oc_test,oc_proba
39,03,12,091,999,1220.8531494140625,1544.7658095746724,1450.4026529947914,116d8ee6-454a-4fa8-92f3-a015142bac0d,1.0,1.0,1.0
39,09,12,091,999,1073.994384765625,663.8450551704741,1462.41632792155,116d8ee6-454a-4fa8-92f3-a015142bac0d,1.0,1.0,1.0
40,03,12,091,999,1932.6146240234375,1325.3175872628346,1371.0070760091144,116d8ee6-454a-4fa8-92f3-a015142bac0d,1.0,1.0,1.0
40,09,12,091,999,942.1622314453125,651.846442667643,1392.3261494954431,116d8ee6-454a-4fa8-92f3-a015142bac0d,1.0,1.0,1.0
41,03,12,091,999,,1392.1096172703337,1440.6279622395834,116d8ee6-454a-4fa8-92f3-a015142bac0d,,1.0,1.0
41,09,12,091,999,,670.6147322143552,1307.0193389892577,116d8ee6-454a-4fa8-92f3-a015142bac0d,,1.0,1.0
